<?xml version="1.0"?>
<window id="0">
	<defaultcontrol always="true">300</defaultcontrol>
	<allowoverlay>yes</allowoverlay>
	<controls>
		<control type="group">
			<control type="group" id="350">
				<posy>900</posy>
				<control type="button">
					<visible>Control.IsVisible(11001) + !Skin.HasSetting(RecentlyAddedFirst)</visible>
					<onfocus>SetFocus(11001)</onfocus>
				</control>
				<control type="button">
					<visible>Control.IsVisible(11000)</visible>
					<onfocus>SetFocus(11000)</onfocus>
				</control>
				<control type="button">
					<visible>!Control.IsVisible(11000) + Control.IsVisible(11001)</visible>
					<onup>SetFocus(11001)</onup>
				</control>
				<control type="button">
					<visible>Stringcompare(Container(300).ListItem(0).Label2,pref)</visible>
					<onfocus>SetFocus(301,0)</onfocus>
				</control>
				<control type="button">
					<visible>Stringcompare(Container(300).ListItem(0).Label2,chan)</visible>
					<onfocus>SetFocus(302,0)</onfocus>
				</control>
				<control type="button">
					<visible>Stringcompare(Container(300).ListItem(0).Label2,dvd)</visible>
					<onfocus>SetFocus(303,0)</onfocus>
				</control>
				<control type="button">
					<visible>Stringcompare(Container(300).ListItem(0).Label2,system)</visible>
					<onfocus>SetFocus(304,0)</onfocus>
				</control>
				<control type="button">
					<visible>Control.IsVisible(11003)</visible>
					<onfocus>SetFocus(11003)</onfocus>
				</control>
				<control type="button">
					<visible>!Stringcompare(Container(300).ListItem(0).Label2,pref) + !Stringcompare(Container(300).ListItem(0).Label2,chan) + !Stringcompare(Container(300).ListItem(0).Label2,dvd) + !Control.IsVisible(11000) + !Control.IsVisible(11001) + !Control.IsVisible(11003)</visible>
					<onfocus>SetFocus(300)</onfocus>
				</control>
			</control>
			<control type="button" id="351">
				<posy>900</posy>
				<onfocus>Control.SetFocus(301,0)</onfocus>
				<onfocus>Control.SetFocus(302,0)</onfocus>
				<onfocus>Control.SetFocus(303,0)</onfocus>
				<onfocus>Control.SetFocus(304,0)</onfocus>
				<onfocus>Control.SetFocus(300)</onfocus>
				<onfocus>Control.Move(300,1)</onfocus>
			</control>
			<control type="button" id="352">
				<posy>900</posy>
				<onfocus>Control.SetFocus(301,0)</onfocus>
				<onfocus>Control.SetFocus(302,0)</onfocus>
				<onfocus>Control.SetFocus(303,0)</onfocus>
				<onfocus>Control.SetFocus(304,0)</onfocus>
				<onfocus>Control.SetFocus(300)</onfocus>
				<onfocus>Control.Move(300,-1)</onfocus>
			</control>
			<!-- PMS Slideshow -->
			<control type="multiimage" id="10101">
				<posx>0</posx>
				<posy>-20</posy>
				<width>1280</width>
				<height>720</height>
				<aspectratio>scale</aspectratio>
				<aligny>top</aligny>
				<imagepath background="true">http://127.0.0.1:32400/library/arts</imagepath>
				<timeperimage>8000</timeperimage>
				<fadetime>1500</fadetime>
				<randomize>true</randomize>
				<loop>yes</loop>
				<visible>!Skin.HasSetting(HideHomeSlideshow) + Skin.HasSetting(CustomSlideshow)</visible>		
			</control>
			<!-- Custom Slideshow  -->
			<control type="multiimage">
				<posx>0</posx>
				<posy>-20</posy>
				<width>1280</width>
				<height>720</height>
				<aspectratio>scale</aspectratio>
				<aligny>top</aligny>
				<imagepath background="true">-</imagepath>
				<timeperimage>8000</timeperimage>
				<fadetime>1500</fadetime>
				<randomize>true</randomize>
				<loop>yes</loop>
				<info>Skin.String(CustomSlideshowFolder)</info>
				<visible>!Skin.HasSetting(HideHomeSlideshow) + !Skin.HasSetting(CustomSlideshow)</visible>		
			</control>
			<control type="largeimage">
				<texture>background_overlay_diffuse.png</texture>
				<posx>0</posx>
				<posy>0</posy>
				<width>1280</width>
				<height>720</height>
				<visible>true</visible>
			</control>
			<control type="image">
				<texture>background_home.png</texture>
				<posx>0</posx>
				<posy>330</posy>
				<width>1280</width>
				<height>416</height>
				<visible>true</visible>
			</control>
			<control type="image">
				<texture background="true">OnDeckBack.png</texture>
				<posx>0</posx>
				<posy>-80</posy>
				<width>1280</width>
				<height>414</height>
				<visible>true</visible>
				<animation effect="fade" start="0" end="100" time="400" delay="50">Visible</animation>
			</control>
			<!-- Menubar focus/unfocus -->
			<control type="image">
				<texture>homemenu_shadow.png</texture>
				<posx>0</posx>
				<posy>330</posy>
				<width>1280</width>
				<height>76</height>
			</control>
			<control type="image">
				<texture>homemenu.png</texture>
				<posx>0</posx>
				<posy>330</posy>
				<width>1280</width>
				<height>50</height>
			</control>
			<control type="image">
				<texture border="50,0,50,0">Homemenu_focus.png</texture>
				<posy>327,5</posy>
    		    <posx>485</posx>
    		    <width>300</width>
        		<height>54</height>
        		<aspectratio>stretch</aspectratio>
<!--
				<texture>homemenu_focus.png</texture>
				<posx>0</posx>
				<posy>330</posy>
				<width>1280</width>
				<height>50</height>
-->
				<visible>Control.HasFocus(300) + ![Window.IsVisible(4567) | Window.IsVisible(5678) | Window.IsVisible(6789)]</visible>
				<animation effect="fade" time="200">VisibleChange</animation>
			</control>
			<!-- The main menu. Label2 is used for tracking focus -->
			<control type="wraplist" id="300">
				<description>Home Main Menu</description>
				<posx>-110</posx>
				<posy>315</posy>
				<width>1500</width>
				<height>300</height>
				<onup>-</onup>
				<ondown>350</ondown>
				<onright>300</onright>
				<focusposition>3</focusposition>
				<scrolltime>200</scrolltime>
				<orientation>horizontal</orientation>
				<itemlayout width="250" height="76">
					<control type="label">
						<posx>0</posx>
						<posy>2</posy>
						<width>250</width>
						<height>76</height>
						<label>$INFO[ListItem.Label]</label>
						<align>center</align>
						<aligny>center</aligny>
						<font>HomeMenuItem</font>
						<textcolor>Shadow</textcolor>
					</control>
					<control type="label">
						<posx>0</posx>
						<posy>0</posy>
						<width>250</width>
						<height>76</height>
						<label>$INFO[ListItem.Label]</label>
						<align>center</align>
						<aligny>center</aligny>
						<font>HomeMenuItem</font>
						<textcolor>DarkGray</textcolor>
					</control>
					<control type="label">
						<posx>0</posx>
						<posy>0</posy>
						<width>250</width>
						<height>76</height>
						<label>$INFO[ListItem.Label]</label>
						<align>center</align>
						<aligny>center</aligny>
						<font>HomeMenuItem</font>
						<textcolor>White</textcolor>
						<visible>![Control.HasFocus(350) | Control.HasFocus(352) | Control.HasFocus(11000) | Control.HasFocus(11001) | Control.HasFocus(11002) | Control.HasFocus(11003) | Control.HasFocus(301) | Control.HasFocus(302) | Control.HasFocus(303) | Control.HasFocus(304)] + Control.HasFocus(300)</visible>
					</control>
				</itemlayout>
				<focusedlayout width="250" height="76">
					<control type="label">
						<posx>0</posx>
						<posy>2</posy>
						<width>250</width>
						<height>76</height>
						<label>$INFO[ListItem.Label]</label>
						<align>center</align>
						<aligny>center</aligny>
						<font>HomeMenuItem</font>
						<textcolor>Shadow</textcolor>
						<visible>Control.HasFocus(300)</visible>
					</control>
					<control type="label">
						<posx>0</posx>
						<posy>0</posy>
						<width>250</width>
						<height>76</height>
						<label>$INFO[ListItem.Label]</label>
						<align>center</align>
						<aligny>center</aligny>
						<font>HomeMenuItem</font>
						<textcolor>Orange</textcolor>
						<visible>Control.HasFocus(300)</visible>
					</control>
					<control type="label">
						<posx>0</posx>
						<posy>0</posy>
						<width>250</width>
						<height>76</height>
						<label>$INFO[ListItem.Label]</label>
						<align>center</align>
						<aligny>center</aligny>
						<font>HomeMenuItem</font>
						<textcolor>Gray</textcolor>
						<visible>!Control.HasFocus(300)</visible>
					</control>
				</focusedlayout>
				<content>
			
					<item>
						<description>System</description>
						<label>$LOCALIZE[31112]</label>
						<label2>System</label2>
						<onclick>SetFocus(304)</onclick>
						<visible>!Skin.HasSetting(HideSystem)</visible>
					</item>
					<item>
						<description>DVD Button</description>
						<label>DVD</label>
						<label2>dvd</label2>
						<visible>System.HasMediadvd</visible>
						<onclick>SetFocus(303)</onclick>
					</item>
					<item>
						<description>Preferences</description>
						<label>$LOCALIZE[31200]</label>
						<label2>pref</label2>
						<onclick>SetFocus(301)</onclick>
					</item>
					<item>
						<description>Channels</description>
						<label>$LOCALIZE[31300]</label>
						<label2>chan</label2>
						<onclick>SetFocus(302)</onclick>
						<visible>!Skin.HasSetting(HideChannels)</visible>
					</item>
					<item>
						<description>Search</description>
						<label>$LOCALIZE[31400]</label>
						<thumb>media/search.png</thumb>
						
						<onclick>Plex.ActivateWindow(10051)</onclick>
						<visible>!Skin.HasSetting(HideSearch)</visible>
						
					</item>
					<!-- The following code might fix a crash issue with Plex -->
					<item id="6">
						<description>Preferences Menu</description>
						<label>$LOCALIZE[31200]</label>
						<onclick>SetFocus(506)</onclick>
						<visible>false</visible>
					</item>
					

					
					<item id="7">
						<description>Search Menu</description>
						<label>$LOCALIZE[31400]</label>
						<onclick>Plex.ActivateWindow(10051)</onclick>
						<thumb>search.png</thumb>
						<visible>false</visible>
			
					</item>
					<item id="111">
						<description>System Button</description>
						<label>$LOCALIZE[31104]</label>
						<onclick>SetFocus(304)</onclick>
						<visible>false</visible>
					</item>
					<item id="2">
						<description>My Music Button</description>
						<label>-</label>
						<visible>false</visible>
						<onclick>XBMC.ActivateWindow(5)</onclick>
					</item>
					<item id="13">
						<description>Help Menu</description>
						<label>-</label>
						<visible>false</visible>
						<onclick>Plex.ActivateWindow(1,plex://127.0.0.1/system/help,return)</onclick>
					</item>
					<item id="12">
						<description>Plex Online Menu</description>
						<label>$LOCALIZE[31306]</label>
						<onclick>Plex.ActivateWindow(1,plex://127.0.0.1/system/plexonline,return)</onclick>
						<visible>false</visible>
					</item>
					<item id="1">
						<description>My Videos Button</description>
						<label>-</label>
						<visible>false</visible>
						<onclick>XBMC.ActivateWindow(24)</onclick>
					</item>
					<item id="3">
						<description>My Pics Button</description>
						<label>-</label>
						<visible>false</visible>
						<onclick>XBMC.ActivateWindow(2)</onclick>
					</item>
					<item id="4">
						<description>My Programs Menu</description>
						<label>-</label>
						<visible>false</visible>
						<onclick>XBMC.ActivateWindow(1)</onclick>
					</item>
					<item id="10">
						<description>DVD Button</description>
						<label>DVD</label>
						<visible>false</visible>
						<onclick>XBMC.PlayDVD</onclick>
					</item>
				</content>
			</control>
			<!-- The submenu for Preferences -->
			<control type="list" id="301">
				<visible allowhiddenfocus="true">Control.HasFocus(301) | Stringcompare(Container(300).ListItem(0).Label2,pref)</visible>
				<animation effect="fade" delay="300" time="200">Visible</animation>
				<posx>496</posx>
				<posy>385</posy>
				<width>422</width>
				<height>324</height>
				<onup>300</onup>
				<ondown>-</ondown>
				<onleft>352</onleft>
				<onright>351</onright>
				<scrolltime>200</scrolltime>
				<itemlayout height="54">
					<control type="group">
						<posx>144</posx>
						<control type="label">
							<posy>2</posy>
							<width>288</width>
							<height>50</height>
							<align>center</align>
							<aligny>center</aligny>
							<info>ListItem.Label</info>
							<font>list1</font>
							<textcolor>Shadow</textcolor>
							<scroll>false</scroll>
						</control>
						<control type="label">
							<width>288</width>
							<height>50</height>
							<align>center</align>
							<aligny>center</aligny>
							<info>ListItem.Label</info>
							<font>list1</font>
							<textcolor>Gray</textcolor>
							<scroll>false</scroll>
							<visible>!Control.HasFocus(301)</visible>
						</control>
						<control type="label">
							<width>288</width>
							<height>50</height>
							<align>center</align>
							<aligny>center</aligny>
							<info>ListItem.Label</info>
							<font>list1</font>
							<textcolor>White</textcolor>
							<scroll>false</scroll>
							<visible>Control.HasFocus(301)</visible>
						</control>
					</control>
				</itemlayout>
				<focusedlayout height="54">
					<control type="image">
						<posy>-5</posy>
						<width>288</width>
						<height>60</height>
						<texture>button_home.png</texture>
						<aspectratio>keep</aspectratio>
						<animation effect="slide" start="0,-52" end="0,0" time="200" reversible="false" easing="out" condition="Container(301).OnNext">Focus</animation>
						<animation effect="slide" start="0,52" end="0,0" time="200" reversible="false" easing="out" condition="Container(301).OnPrevious">Focus</animation>
					</control>
					<control type="group">
						<posx>144</posx>
						<control type="label">
							<posy>2</posy>
							<width>288</width>
							<height>50</height>
							<align>center</align>
							<aligny>center</aligny>
							<info>ListItem.Label</info>
							<font>list1</font>
							<textcolor>Shadow</textcolor>
							<scroll>false</scroll>
						</control>
						<control type="label">
							<posy>0</posy>
							<width>288</width>
							<height>50</height>
							<align>center</align>
							<aligny>center</aligny>
							<info>ListItem.Label</info>
							<font>list1</font>
							<textcolor>White</textcolor>
							<scroll>true</scroll>
							<animation effect="fade" start="100" end="0" time="100" delay="100" reversible="false">Focus</animation>
						</control>
						<control type="label">
							<width>288</width>
							<height>50</height>
							<align>center</align>
							<aligny>center</aligny>
							<info>ListItem.Label</info>
							<font>list1</font>
							<textcolor>Orange</textcolor>
							<scroll>true</scroll>
							<animation effect="fade" start="0" end="100" time="100" delay="100" reversible="false" condition="Container(301).OnNext">Focus</animation>
							<animation effect="fade" start="0" end="100" time="100" delay="100" reversible="false" condition="Container(301).OnPrevious">Focus</animation>
						</control>
					</control>
				</focusedlayout>
				<content>
					<item id="1">
						<description>Skin</description>
						<label>$LOCALIZE[31201]</label>
						<onclick>activatewindow(56)</onclick>
					</item>
					<item id="2">
						<description>Appearance</description>
						<label>$LOCALIZE[31202]</label>
						<onclick>activatewindow(AppearanceSettings)</onclick>
					</item>
					<item id="3">
						<description>Videos</description>
						<label>$LOCALIZE[31203]</label>
						<onclick>activatewindow(MyVideosSettings)</onclick>
					</item>
					<item id="4">
						<description>Music</description>
						<label>$LOCALIZE[31204]</label>
						<onclick>activatewindow(MyMusicSettings)</onclick>
					</item>
					<item id="5">
						<description>Pictures</description>
						<label>$LOCALIZE[31205]</label>
						<onclick>activatewindow(MyPicturesSettings)</onclick>
					</item>
					<item id="6">
						<description>Network</description>
						<label>$LOCALIZE[31206]</label>
						<onclick>activatewindow(18)</onclick>
					</item>
					<item id="7">
						<description>System</description>
						<label>$LOCALIZE[31207]</label>
						<onclick>activatewindow(SystemSettings)</onclick>
					</item>
				</content>
			</control>
			<!-- The submenu for Channels -->
			<control type="list" id="302">
				<visible allowhiddenfocus="true">Control.HasFocus(302) | Stringcompare(Container(300).ListItem(0).Label2,chan)</visible>
				<animation effect="fade" delay="300" time="200">Visible</animation>
				<posx>496</posx>
				<posy>385</posy>
				<width>422</width>
				<height>324</height>
				<onup>300</onup>
				<ondown>-</ondown>
				<onleft>352</onleft>
				<onright>351</onright>
				<scrolltime>200</scrolltime>
				<itemlayout height="54">
					<control type="group">
						<posx>144</posx>
						<control type="label">
							<posy>2</posy>
							<width>288</width>
							<height>50</height>
							<align>center</align>
							<aligny>center</aligny>
							<info>ListItem.Label</info>
							<font>list1</font>
							<textcolor>Shadow</textcolor>
							<scroll>false</scroll>
						</control>
						<control type="label">
							<width>288</width>
							<height>50</height>
							<align>center</align>
							<aligny>center</aligny>
							<info>ListItem.Label</info>
							<font>list1</font>
							<textcolor>Gray</textcolor>
							<scroll>false</scroll>
							<visible>!Control.HasFocus(302)</visible>
						</control>
						<control type="label">
							<width>288</width>
							<height>50</height>
							<align>center</align>
							<aligny>center</aligny>
							<info>ListItem.Label</info>
							<font>list1</font>
							<textcolor>White</textcolor>
							<scroll>false</scroll>
							<visible>Control.HasFocus(302)</visible>
						</control>
					</control>
				</itemlayout>
				<focusedlayout height="54">
					<control type="image">
					<posy>-5</posy>
						<width>288</width>
						<height>60</height>
						<texture>button_home.png</texture>
						<aspectratio>keep</aspectratio>
						<animation effect="slide" start="0,-52" end="0,0" time="200" reversible="false" easing="out" condition="Container(302).OnNext">Focus</animation>
						<animation effect="slide" start="0,52" end="0,0" time="200" reversible="false" easing="out" condition="Container(302).OnPrevious">Focus</animation>
					</control>
					<control type="group">
						<posx>144</posx>
						<control type="label">
							<posy>2</posy>
							<width>288</width>
							<height>50</height>
							<align>center</align>
							<aligny>center</aligny>
							<info>ListItem.Label</info>
							<font>list1</font>
							<textcolor>Shadow</textcolor>
							<scroll>false</scroll>
						</control>
						<control type="label">
							<posy>0</posy>
							<width>288</width>
							<height>50</height>
							<align>center</align>
							<aligny>center</aligny>
							<info>ListItem.Label</info>
							<font>list1</font>
							<textcolor>White</textcolor>
							<scroll>true</scroll>
							<animation effect="fade" start="100" end="0" time="100" delay="100" reversible="false">Focus</animation>
						</control>
						<control type="label">
							<width>288</width>
							<height>50</height>
							<align>center</align>
							<aligny>center</aligny>
							<info>ListItem.Label</info>
							<font>list1</font>
							<textcolor>Orange</textcolor>
							<scroll>true</scroll>
							<animation effect="fade" start="0" end="100" time="100" delay="100" reversible="false" condition="Container(302).OnNext">Focus</animation>
							<animation effect="fade" start="0" end="100" time="100" delay="100" reversible="false" condition="Container(302).OnPrevious">Focus</animation>
						</control>
					</control>
				</focusedlayout>
				<content>
					<item id="1">
						<description>Video Channels</description>
						<label>$LOCALIZE[31301]</label>
						<onclick>xbmc.activatewindow(6)</onclick>
					</item>
					<item id="2">
						<description>Audio Channels</description>
						<label>$LOCALIZE[31302]</label>
						<onclick>xbmc.activatewindow(5)</onclick>
					</item>
					<item id="3">
						<description>Picture Channels</description>
						<label>$LOCALIZE[31303]</label>
						<onclick>xbmc.activatewindow(2)</onclick>
					</item>
				<item id="4">
						<description>Applications</description>
						<label>$LOCALIZE[31304]</label>
						<onclick>xbmc.activatewindow(1)</onclick>
					</item>
					<item id="5">
						<description>Channel Directory</description>
						<label>$LOCALIZE[31306]</label>
						<onclick>Plex.ActivateWindow(1,plex://127.0.0.1/system/plexonline,return)</onclick>
					</item>
				</content>
			</control>
			<!-- The submenu for DVD -->
			<control type="list" id="303">
				<visible allowhiddenfocus="true">Control.HasFocus(303) + System.HasMediadvd | Stringcompare(Container(300).ListItem(0).Label2,dvd)</visible>
				<animation effect="fade" delay="300" time="200">Visible</animation>
				<posx>496</posx>
				<posy>385</posy>
				<width>422</width>
				<height>324</height>
				<onup>300</onup>
				<ondown>-</ondown>
				<onleft>352</onleft>
				<onright>351</onright>
				<scrolltime>200</scrolltime>
				<itemlayout height="54">
					<control type="group">
						<posx>144</posx>
						<control type="label">
							<posy>2</posy>
							<width>288</width>
							<height>50</height>
							<align>center</align>
							<aligny>center</aligny>
							<info>ListItem.Label</info>
							<font>list1</font>
							<textcolor>Shadow</textcolor>
							<scroll>false</scroll>
						</control>
						<control type="label">
							<width>288</width>
							<height>50</height>
							<align>center</align>
							<aligny>center</aligny>
							<info>ListItem.Label</info>
							<font>list1</font>
							<textcolor>Gray</textcolor>
							<scroll>false</scroll>
							<visible>!Control.HasFocus(303)</visible>
						</control>
						<control type="label">
							<width>288</width>
							<height>50</height>
							<align>center</align>
							<aligny>center</aligny>
							<info>ListItem.Label</info>
							<font>list1</font>
							<textcolor>White</textcolor>
							<scroll>false</scroll>
							<visible>Control.HasFocus(303)</visible>
						</control>
					</control>
				</itemlayout>
				<focusedlayout height="54">
					<control type="image">
					<posy>-5</posy>
						<width>288</width>
						<height>60</height>
						<texture>button_home.png</texture>
						<aspectratio>keep</aspectratio>
						<animation effect="slide" start="0,-52" end="0,0" time="200" reversible="false" easing="out" condition="Container(303).OnNext">Focus</animation>
						<animation effect="slide" start="0,52" end="0,0" time="200" reversible="false" easing="out" condition="Container(303).OnPrevious">Focus</animation>
					</control>
					<control type="group">
						<posx>144</posx>
						<control type="label">
							<posy>2</posy>
							<width>288</width>
							<height>50</height>
							<align>center</align>
							<aligny>center</aligny>
							<info>ListItem.Label</info>
							<font>list1</font>
							<textcolor>Shadow</textcolor>
							<scroll>false</scroll>
						</control>
						<control type="label">
							<posy>0</posy>
							<width>288</width>
							<height>50</height>
							<align>center</align>
							<aligny>center</aligny>
							<info>ListItem.Label</info>
							<font>list1</font>
							<textcolor>White</textcolor>
							<scroll>true</scroll>
							<animation effect="fade" start="100" end="0" time="100" delay="100" reversible="false">Focus</animation>
						</control>
						<control type="label">
							<width>288</width>
							<height>50</height>
							<align>center</align>
							<aligny>center</aligny>
							<info>ListItem.Label</info>
							<font>list1</font>
							<textcolor>Orange</textcolor>
							<scroll>true</scroll>
							<animation effect="fade" start="0" end="100" time="100" delay="100" reversible="false" condition="Container(303).OnNext">Focus</animation>
							<animation effect="fade" start="0" end="100" time="100" delay="100" reversible="false" condition="Container(303).OnPrevious">Focus</animation>
						</control>
					</control>
				</focusedlayout>
				<content>
					<item id="1">
						<description>Play</description>
						<label>$LOCALIZE[31600]</label>
						<onclick>XBMC.PlayDVD</onclick>
					</item>
					<item id="2">
						<description>Eject</description>
						<label>$LOCALIZE[31601]</label>
						<onclick>XBMC.EjectTray()</onclick>
						<onclick>Control.SetFocus(300,3)</onclick>
					</item>
				</content>
			</control>
			<!-- The submenu for System -->
			<control type="list" id="304">
				<visible allowhiddenfocus="true">Control.HasFocus(304) | Stringcompare(Container(300).ListItem(0).Label2,system)</visible>
				<animation effect="fade" delay="300" time="200">Visible</animation>
				<posx>496</posx>
				<posy>385</posy>
				<width>422</width>
				<height>324</height>
				<onup>300</onup>
				<ondown>-</ondown>
				<onleft>352</onleft>
				<onright>351</onright>
				<scrolltime>200</scrolltime>
				<itemlayout height="54">
					<control type="group">
						<posx>144</posx>
						<control type="label">
							<posy>2</posy>
							<width>288</width>
							<height>50</height>
							<align>center</align>
							<aligny>center</aligny>
							<info>ListItem.Label</info>
							<font>list1</font>
							<textcolor>Shadow</textcolor>
							<scroll>false</scroll>
						</control>
						<control type="label">
							<width>288</width>
							<height>50</height>
							<align>center</align>
							<aligny>center</aligny>
							<info>ListItem.Label</info>
							<font>list1</font>
							<textcolor>Gray</textcolor>
							<scroll>false</scroll>
							<visible>!Control.HasFocus(304)</visible>
						</control>
						<control type="label">
							<width>288</width>
							<height>50</height>
							<align>center</align>
							<aligny>center</aligny>
							<info>ListItem.Label</info>
							<font>list1</font>
							<textcolor>White</textcolor>
							<scroll>false</scroll>
							<visible>Control.HasFocus(304)</visible>
						</control>
					</control>
				</itemlayout>
				<focusedlayout height="54">
					<control type="image">
					<posy>-5</posy>
						<width>288</width>
						<height>60</height>
						<texture>button_home.png</texture>
						<aspectratio>keep</aspectratio>
						<animation effect="slide" start="0,-52" end="0,0" time="200" reversible="false" easing="out" condition="Container(304).OnNext">Focus</animation>
						<animation effect="slide" start="0,52" end="0,0" time="200" reversible="false" easing="out" condition="Container(304).OnPrevious">Focus</animation>
					</control>
					<control type="group">
						<posx>144</posx>
						<control type="label">
							<posy>2</posy>
							<width>288</width>
							<height>50</height>
							<align>center</align>
							<aligny>center</aligny>
							<info>ListItem.Label</info>
							<font>list1</font>
							<textcolor>Shadow</textcolor>
							<scroll>false</scroll>
						</control>
						<control type="label">
							<posy>0</posy>
							<width>288</width>
							<height>50</height>
							<align>center</align>
							<aligny>center</aligny>
							<info>ListItem.Label</info>
							<font>list1</font>
							<textcolor>White</textcolor>
							<scroll>true</scroll>
							<animation effect="fade" start="100" end="0" time="100" delay="100" reversible="false">Focus</animation>
						</control>
						<control type="label">
							<width>288</width>
							<height>50</height>
							<align>center</align>
							<aligny>center</aligny>
							<info>ListItem.Label</info>
							<font>list1</font>
							<textcolor>Orange</textcolor>
							<scroll>true</scroll>
							<animation effect="fade" start="0" end="100" time="100" delay="100" reversible="false" condition="Container(304).OnNext">Focus</animation>
							<animation effect="fade" start="0" end="100" time="100" delay="100" reversible="false" condition="Container(304).OnPrevious">Focus</animation>
						</control>
					</control>
				</focusedlayout>
				<content>
					<item id="1">
						<description>Quit</description>
						<label>$LOCALIZE[31106]</label>
						<onclick>Plex.Quit()</onclick>
					</item>
					<item id="2">
						<description>Suspend</description>
						<label>$LOCALIZE[31107]</label>
						<onclick>Plex.Suspend()</onclick>
					</item>
					<item id="3">
						<description>Shut Down</description>
						<label>$LOCALIZE[31108]</label>
						<onclick>Plex.Powerdown()</onclick>
					</item>
				</content>
			</control>
			<!-- This label show when the menubar is unfocused -->
			<control type="label">
				<posx>515</posx>
				<posy>315</posy>
				<width>250</width>
				<height>76</height>
				<label>$INFO[Container(300).ListItem(0).Label]</label>
				<align>center</align>
				<aligny>center</aligny>
				<font>HomeMenuItem</font>
				<textcolor>Gray</textcolor>
				<visible>!Control.HasFocus(300)</visible>
			</control>
			<control type="image">
				<texture background="true">homemenu_diffuse.png</texture>
				<posx>0</posx>
				<posy>330</posy>
				<width>1280</width>
				<height>50</height>
			</control>
			<control type="grouplist" id="5100">
				<posx>47</posx>
				<posy>0</posy>
				<height>330</height>
				<itemgap>0</itemgap>
				<onup>300</onup>
				<include condition="Skin.HasSetting(RecentlyAddedFirst)">RecentlyAddedFirst</include>
				<include condition="!Skin.HasSetting(RecentlyAddedFirst)">OnDeckFirst</include>
				<!-- "Queue" -->
				<control type="group" id="7002">
					<visible>Control.IsVisible(11003) + !Container(300).OnNext + !Container(300).OnPrevious</visible>
					<animation effect="fade" start="0" end="100" time="400">Visible</animation>
					<control type="label" id="8002">
						<font>info1</font>
						<textcolor>Shadow</textcolor>
						<width>350</width>
						<height>30</height>
						<align>left</align>
						<label>$LOCALIZE[31501]</label>
						<posx>18</posx>
						<posy>2</posy>
					</control>
					<control type="label" id="8002">
						<font>info1</font>
						<textcolor>Gray</textcolor>
						<width>350</width>
						<height>30</height>
						<align>left</align>
						<label>$LOCALIZE[31501]</label>
						<posx>18</posx>
					</control>
					<control type="list" id="11003">
						<visible allowhiddenfocus="false">false</visible>
						<orientation>horizontal</orientation>
						<onright>-</onright>
						<onleft>-</onleft>
						<ondown>-</ondown>
						<onup>300</onup>
						<width>1190</width>
						<height>340</height>
						<posy>21</posy>
						<posx>0</posx>
						<itemlayout width="238" height="280">
							<control type="group">
								<control type="image">
									<posx>319</posx>
									<posy>919</posy>
									<width>200</width>
									<height>200</height>
									<texture diffuse="reflection_square.png" flipy="true">$INFO[ListItem.Thumb]</texture>
									<aspectratio scalediffuse="false" align="center">scale</aspectratio>
								</control>
								<control type="image">
									<posx>319</posx>
									<posy>319</posy>
									<width>200</width>
									<height>200</height>
									<aspectratio scalediffuse="false" align="center">scale</aspectratio>
									<texture diffuse="diffuse_square_home.png">$INFO[ListItem.Thumb]</texture>
									<bordertexture>border_square_home.png</bordertexture>
								</control>
								<control type="label">
									<posx>119</posx>
									<posy>221</posy>
									<width>200</width>
									<height>30</height>
									<label>$INFO[ListItem.Label]</label>
									<textcolor>Shadow</textcolor>
									<font>homelabel</font>
									<align>center</align>
								</control>
								<control type="label">
									<posx>119</posx>
									<posy>223</posy>
									<width>200</width>
									<height>30</height>
									<label>$INFO[ListItem.Label]</label>
									<textcolor>Gray</textcolor>
									<font>homelabel</font>
									<align>center</align>
								</control>
								<control type="label">
									<posx>119</posx>
									<posy>239</posy>
									<width>200</width>
									<height>30</height>
									<label>$INFO[ListItem.Property(sourceTitle)]</label>
									<textcolor>Shadow</textcolor>
									<font>homelabel</font>
									<align>center</align>
								</control>
								<control type="label">
									<posx>119</posx>
									<posy>241</posy>
									<width>200</width>
									<height>30</height>
									<label>$INFO[ListItem.Property(sourceTitle)]</label>
									<textcolor>DarkGray</textcolor>
									<font>homelabel</font>
									<align>center</align>
								</control>
							</control>
						</itemlayout>
						<focusedlayout width="238" height="280">
							<control type="image">
								<posx>19</posx>
								<posy>1519</posy>
								<width>200</width>
								<height>200</height>
								<texture diffuse="reflection_square.png" flipy="true">$INFO[ListItem.Thumb]</texture>
								<aspectratio scalediffuse="false" align="center">scale</aspectratio>
							</control>
							<control type="image">
								<posx>19</posx>
								<posy>1319</posy>
								<width>200</width>
								<height>200</height>
								<aspectratio scalediffuse="false" align="center">scale</aspectratio>
								<texture diffuse="diffuse_square_home.png">$INFO[ListItem.Thumb]</texture>
								<bordertexture>border_square_home.png</bordertexture>
							</control>
							<control type="image">
								<posx>1</posx>
								<posy>1301</posy>
								<width>236</width>
								<height>236</height>
								<aspectratio scalediffuse="false" align="center">scale</aspectratio>
								<texture>focus_square_home.png</texture>
							</control>
							<control type="label">
								<posx>119</posx>
								<posy>221</posy>
								<width>200</width>
								<height>30</height>
								<label>$INFO[ListItem.Label]</label>
								<visible>Control.HasFocus(11003)</visible>
								<textcolor>Shadow</textcolor>
								<scrollsuffix> | </scrollsuffix>
								<scroll>true</scroll>
								<scrollspeed>30</scrollspeed>
								<font>homelabel</font>
								<align>center</align>
							</control>
							<control type="label">
								<posx>119</posx>
								<posy>223</posy>
								<width>200</width>
								<height>30</height>
								<label>$INFO[ListItem.Label]</label>
								<visible>Control.HasFocus(11003)</visible>
								<textcolor>Orange</textcolor>
								<scrollsuffix> | </scrollsuffix>
								<scroll>true</scroll>
								<scrollspeed>30</scrollspeed>
								<font>homelabel</font>
								<align>center</align>
							</control>
							<control type="label">
								<posx>119</posx>
								<posy>239</posy>
								<width>200</width>
								<height>30</height>
								<label>$INFO[ListItem.Property(sourceTitle)]</label>
								<visible>Control.HasFocus(11003)</visible>
								<textcolor>Shadow</textcolor>
								<scrollsuffix> | </scrollsuffix>
								<scroll>true</scroll>
								<scrollspeed>30</scrollspeed>
								<font>homelabel</font>
								<align>center</align>
							</control>
							<control type="label">
								<posx>119</posx>
								<posy>241</posy>
								<width>200</width>
								<height>30</height>
								<label>$INFO[ListItem.Property(sourceTitle)]</label>
								<visible>Control.HasFocus(11003)</visible>
								<textcolor>White</textcolor>
								<scrollsuffix> | </scrollsuffix>
								<scroll>true</scroll>
								<scrollspeed>30</scrollspeed>
								<font>homelabel</font>
								<align>center</align>
							</control>
						</focusedlayout>
					</control>
				</control>
			</control>
		<include>OnDeckInfo</include>
				<include>RecentlyAddedInfo</include>
		</control>
		
		<control type="image">
			<texture>home_fade_bottom.png</texture>
			<posx>0</posx>
			<posy>675</posy>
			<width>1280</width>
			<height>45</height>
			<visible>Control.IsVisible(11000) + Control.IsVisible(11001)</visible>
		</control>

<control type="image">
		<width>200</width>
		<height>200</height>
		<texture>Search.png</texture>
		<visible>Container(300).HasFocus(7)</visible>
		</control>

	</controls>
</window>
